Team 1A,"""8-5681 or 8-4427""","PEDS-44, NICU-44, NICU-55, LDR-54, 56MB, 56N"
Team 2W,--,"Cardiology Service, Advanced HF, Cardiothorac Surg-Cardiac/Thoracic, index OHT/VAD, sotalol/dofetilide (re)initiations, (HC2-5, HC9)"
Team 3A,--,"M1, MPA, MPK, MPR, MPT, MPW, MPX, (41, 42, 45, 46)"
Team 3C,--,"M2, MPD, MPF, MPG, MPJ, MPL, MPY, MPZ (53, 62, 66)"
Team 3D,--,"M3, FM1, FM2, FM3, MPB, MPM, MPQ, (15/18, HC7, HC8- IM patients only)"
Team 3I,--,"Neuro, Neuro Stroke/Epilepsy, MPC, MPE, MPS, MPU, MPV, Rehab (CA6, CA7 (non-onc))"
Team 7W,--,"MPN, Liver Tx, Renal Tx, Organ consults, (64), *clinical PTM warfarin support for GB"
Team 6W,--,"Surg-trauma (excluding Flour Trauma on 26/28), Burn (non-ICU LOC), Otolaryngology, Surgery-Neuro (non-ICU LOC), Surg-urology, Surg-ortho, (Off svc – 43, 51, 52 (non-ICU LOC), ICC, Boarders in Bell and Cambridge OR and periop locations; Clinic locations (MOB, MPA, MPB, CVM BHG, BHG SPN)"
Team 4A,--,"CA5 (Neuro ENT ICU), CA8ICU (MICU 4), Bell 26/28 (SICU), Bell 52 (Burn ICU)"
Team 4B,--,"MICU 1,2,3 (off-svc 61,63,65)"
Team 5C,--,"Med-Oncology, MPP, Oncology Consults, HC8, CA11"
Team 5B1,--,"Med-BMT Allo, Hematology Consults, CA8"
Team 5B2,--,"Med-Acute Leukemia, CA10"
Team 5B3,--,"Med-BMT and Cell Therapy, Med-Hematology, CA9"
"ED1, ED2",8-6565,"ED, 15c, GB-ED"
Psych,Strawberry Hill 4-3720,"08:00 – 16:00 Strawberry Hill & Marillac (patient monitoring, pharmacy operations and orders)"
Cancer Center Pharmacy,8-7747,Cancer Center
ASW,Voalte,"""Direct all antimimcrobial-related curbside questions to the ASW pharmacist OV duties: GB non-ED pts 0700-1500; PTM abx for specific KC and GB teams 0700-1500; Team 4 pts 1000-1200 Full list of responsibilities listed here: ID ASP Team Shift Descriptions"""
CAIV,--,"SurgOnc, GynOnc, Gyn on HC8, inpatient hazardous compounds"
5E,--,"CA8, CA9, CA10, CA11, HC8 1300-2100"
OE1 / OE2,--,All Bell/HC/R39/CA/GB/ICC orders; Strawberry Hill orders after 1600
1E,--,"""Ped/NICU/OB/LDR; Marillac orders after 1600 IV Room coverage after 1600 Jen/Katie 11-2100 All others 14-2200 """